,Date,RF Annual,RF Daily
0,2019-05-09,2.45,0.003398568193804463
1,2019-05-10,2.47,0.0034144587521591774
2,2019-05-13,2.4,0.003358436354088612
3,2019-05-14,2.42,0.00337455927015462
4,2019-05-15,2.37,0.003334073767596868
5,2019-05-16,2.4,0.003358436354088612
6,2019-05-17,2.39,0.0033503393935037096
7,2019-05-20,2.41,0.003366509600073897
8,2019-05-21,2.43,0.003382585501812807
9,2019-05-22,2.39,0.0033503393935037096
10,2019-05-23,2.31,0.0032846929276770798
11,2019-05-24,2.32,0.0032929847485794195
12,2019-05-27,,
13,2019-05-28,2.26,0.003242855470428685
14,2019-05-29,2.25,0.0032344112272417735
15,2019-05-30,2.22,0.0032089221495663622
16,2019-05-31,2.14,0.0031397757888156352
17,2019-06-03,2.07,0.0030778159892044243
18,2019-06-04,2.12,0.003122214680525204
19,2019-06-05,2.12,0.003122214680525204
20,2019-06-06,2.12,0.003122214680525204
21,2019-06-07,2.09,0.0030956613950634537
22,2019-06-10,2.15,0.0031485145565079975
23,2019-06-11,2.15,0.0031485145565079975
24,2019-06-12,2.13,0.003131009222709924
25,2019-06-13,2.1,0.003104540948685619
26,2019-06-14,2.09,0.0030956613950634537
27,2019-06-17,2.09,0.0030956613950634537
28,2019-06-18,2.06,0.003068849762270398
29,2019-06-19,2.03,0.0030417746984781058
30,2019-06-20,2.01,0.0030235757264902574
31,2019-06-21,2.07,0.0030778159892044243
32,2019-06-24,2.02,0.003032690236610902
33,2019-06-25,2.0,0.0030144309684023707
34,2019-06-26,2.05,0.003059854266473039
35,2019-06-27,2.01,0.0030235757264902574
36,2019-06-28,2.0,0.0030144309684023707
37,2019-07-01,2.03,0.0030417746984781058
38,2019-07-02,1.98,0.0029960498994483498
39,2019-07-03,1.96,0.002977545391578129
40,2019-07-04,,
41,2019-07-05,2.04,0.0030508293098336914
42,2019-07-08,2.05,0.003059854266473039
43,2019-07-09,2.07,0.0030778159892044243
44,2019-07-10,2.07,0.0030778159892044243
45,2019-07-11,2.13,0.003131009222709924
46,2019-07-12,2.12,0.003122214680525204
47,2019-07-15,2.09,0.0030956613950634537
48,2019-07-16,2.13,0.003131009222709924
49,2019-07-17,2.06,0.003068849762270398
50,2019-07-18,2.04,0.0030508293098336914
51,2019-07-19,2.05,0.003059854266473039
52,2019-07-22,2.05,0.003059854266473039
53,2019-07-23,2.08,0.003086753137381937
54,2019-07-24,2.05,0.003059854266473039
55,2019-07-25,2.08,0.003086753137381937
56,2019-07-26,2.08,0.003086753137381937
57,2019-07-29,2.06,0.003068849762270398
58,2019-07-30,2.06,0.003068849762270398
59,2019-07-31,2.02,0.003032690236610902
60,2019-08-01,1.9,0.002921274347960079
61,2019-08-02,1.86,0.002883111550583628
62,2019-08-05,1.75,0.002775353529670399
63,2019-08-06,1.73,0.002755300139428263
64,2019-08-07,1.71,0.0027350997019228718
65,2019-08-08,1.72,0.002745218436428498
66,2019-08-09,1.74,0.00276534508135029
67,2019-08-12,1.65,0.00267359410604473
68,2019-08-13,1.68,0.002704518559870639
69,2019-08-14,1.59,0.0026106837665316185
70,2019-08-15,1.52,0.0025354249357782965
71,2019-08-16,1.55,0.0025679308409012336
72,2019-08-19,1.6,0.0026212691094427143
73,2019-08-20,1.55,0.0025679308409012336
74,2019-08-21,1.59,0.0026106837665316185
75,2019-08-22,1.62,0.0026423185336794663
76,2019-08-23,1.52,0.0025354249357782965
77,2019-08-26,1.54,0.002557138109255952
78,2019-08-27,1.49,0.0025025308020636405
79,2019-08-28,1.47,0.0024803810696476525
80,2019-08-29,1.5,0.002513539223037764
81,2019-08-30,1.5,0.002513539223037764
82,2019-09-02,,
83,2019-09-03,1.47,0.0024803810696476525
84,2019-09-04,1.47,0.0024803810696476525
85,2019-09-05,1.57,0.002589390253571189
86,2019-09-06,1.55,0.0025679308409012336
87,2019-09-09,1.63,0.0026527832304930055
88,2019-09-10,1.72,0.002745218436428498
89,2019-09-11,1.75,0.002775353529670399
90,2019-09-12,1.79,0.0028150276354710346
91,2019-09-13,1.9,0.002921274347960079
92,2019-09-16,1.84,0.002863830078121632
93,2019-09-17,1.81,0.0028346524711613252
94,2019-09-18,1.8,0.00282485752752204
95,2019-09-19,1.79,0.0028150276354710346
96,2019-09-20,1.74,0.00276534508135029
97,2019-09-23,1.72,0.002745218436428498
98,2019-09-24,1.64,0.0026632083215918367
99,2019-09-25,1.73,0.002755300139428263
100,2019-09-26,1.7,0.002724943662486101
101,2019-09-27,1.69,0.0027147500416526693
102,2019-09-30,1.68,0.002704518559870639
103,2019-10-01,1.65,0.00267359410604473
104,2019-10-02,1.6,0.0026212691094427143
105,2019-10-03,1.54,0.002557138109255952
106,2019-10-04,1.52,0.0025354249357782965
107,2019-10-07,1.56,0.0025786814463322205
108,2019-10-08,1.54,0.002557138109255952
109,2019-10-09,1.59,0.0026106837665316185
110,2019-10-10,1.67,0.0026942489344554676
111,2019-10-11,1.76,0.0027853257489540706
112,2019-10-14,,
113,2019-10-15,1.77,0.002795262000899079
114,2019-10-16,1.75,0.002775353529670399
115,2019-10-17,1.76,0.0027853257489540706
116,2019-10-18,1.76,0.0027853257489540706
117,2019-10-21,1.8,0.00282485752752204
118,2019-10-22,1.78,0.0028051625443763495
119,2019-10-23,1.77,0.002795262000899079
120,2019-10-24,1.77,0.002795262000899079
121,2019-10-25,1.8,0.00282485752752204
122,2019-10-28,1.85,0.0028734876816209898
123,2019-10-29,1.84,0.002863830078121632
124,2019-10-30,1.78,0.0028051625443763495
125,2019-10-31,1.69,0.0027147500416526693
126,2019-11-01,1.73,0.002755300139428263
127,2019-11-04,1.79,0.0028150276354710346
128,2019-11-05,1.86,0.002883111550583628
129,2019-11-06,1.81,0.0028346524711613252
130,2019-11-07,1.92,0.0029401593390576686
131,2019-11-08,1.94,0.0029589157733331817
132,2019-11-11,,
133,2019-11-12,1.92,0.0029401593390576686
134,2019-11-13,1.88,0.002902259023140008
135,2019-11-14,1.82,0.0028444127143516518
136,2019-11-15,1.84,0.002863830078121632
137,2019-11-18,1.81,0.0028346524711613252
138,2019-11-19,1.79,0.0028150276354710346
139,2019-11-20,1.73,0.002755300139428263
140,2019-11-21,1.77,0.002795262000899079
141,2019-11-22,1.77,0.002795262000899079
142,2019-11-25,1.76,0.0027853257489540706
143,2019-11-26,1.74,0.00276534508135029
144,2019-11-27,1.77,0.002795262000899079
145,2019-11-28,,
146,2019-11-29,1.78,0.0028051625443763495
147,2019-12-02,1.83,0.0028541385024254406
148,2019-12-03,1.72,0.002745218436428498
149,2019-12-04,1.77,0.002795262000899079
150,2019-12-05,1.8,0.00282485752752204
151,2019-12-06,1.84,0.002863830078121632
152,2019-12-09,1.83,0.0028541385024254406
153,2019-12-10,1.85,0.0028734876816209898
154,2019-12-11,1.79,0.0028150276354710346
155,2019-12-12,1.9,0.002921274347960079
156,2019-12-13,1.82,0.0028444127143516518
157,2019-12-16,1.89,0.0029117830897593677
158,2019-12-17,1.89,0.0029117830897593677
159,2019-12-18,1.92,0.0029401593390576686
160,2019-12-19,1.92,0.0029401593390576686
161,2019-12-20,1.92,0.0029401593390576686
162,2019-12-23,1.93,0.002949553516163883
163,2019-12-24,1.9,0.002921274347960079
164,2019-12-25,,
165,2019-12-26,1.9,0.002921274347960079
166,2019-12-27,1.88,0.002902259023140008
167,2019-12-30,1.9,0.002921274347960079
168,2019-12-31,1.92,0.0029401593390576686
169,2020-01-01,,
170,2020-01-02,1.88,0.002902259023140008
171,2020-01-03,1.8,0.00282485752752204
172,2020-01-06,1.81,0.0028346524711613252
173,2020-01-07,1.83,0.0028541385024254406
174,2020-01-08,1.87,0.002892701920182761
175,2020-01-09,1.85,0.0028734876816209898
176,2020-01-10,1.83,0.0028541385024254406
177,2020-01-13,1.85,0.0028734876816209898
178,2020-01-14,1.82,0.0028444127143516518
179,2020-01-15,1.79,0.0028150276354710346
180,2020-01-16,1.81,0.0028346524711613252
181,2020-01-17,1.84,0.002863830078121632
182,2020-01-20,,
183,2020-01-21,1.78,0.0028051625443763495
184,2020-01-22,1.77,0.002795262000899079
185,2020-01-23,1.74,0.00276534508135029
186,2020-01-24,1.7,0.002724943662486101
187,2020-01-27,1.61,0.002631813928654969
188,2020-01-28,1.65,0.00267359410604473
189,2020-01-29,1.6,0.0026212691094427143
190,2020-01-30,1.57,0.002589390253571189
191,2020-01-31,1.51,0.0025245038182621915
192,2020-02-03,1.54,0.002557138109255952
193,2020-02-04,1.61,0.002631813928654969
194,2020-02-05,1.66,0.0026839408795438224
195,2020-02-06,1.65,0.00267359410604473
196,2020-02-07,1.59,0.0026106837665316185
197,2020-02-10,1.56,0.0025786814463322205
198,2020-02-11,1.59,0.0026106837665316185
199,2020-02-12,1.62,0.0026423185336794663
200,2020-02-13,1.61,0.002631813928654969
201,2020-02-14,1.59,0.0026106837665316185
202,2020-02-17,,
203,2020-02-18,1.55,0.0025679308409012336
204,2020-02-19,1.56,0.0025786814463322205
205,2020-02-20,1.52,0.0025354249357782965
206,2020-02-21,1.46,0.002469239040862048
207,2020-02-24,1.38,0.0023784417901981936
208,2020-02-25,1.33,0.0023201346649801557
209,2020-02-26,1.33,0.0023201346649801557
210,2020-02-27,1.3,0.0022845484156153173
211,2020-02-28,1.13,0.00207371424520586
212,2020-03-02,1.1,0.002034772399502005
213,2020-03-03,1.02,0.0019281510490289921
214,2020-03-04,1.02,0.0019281510490289921
215,2020-03-05,0.92,0.0017887902704853964
216,2020-03-06,0.74,0.0015186454367277502
217,2020-03-09,0.54,0.0011836655041597144
218,2020-03-10,0.76,0.001550004974149033
219,2020-03-11,0.82,0.001641994547364245
220,2020-03-12,0.88,0.0017310081853605386
221,2020-03-13,0.94,0.001817232657495449
222,2020-03-16,0.73,0.0015028306088800125
223,2020-03-17,1.02,0.0019281510490289921
224,2020-03-18,1.18,0.0021374176761705943
225,2020-03-19,1.12,0.0020607947402422333
226,2020-03-20,0.92,0.0017887902704853964
227,2020-03-23,0.76,0.001550004974149033
228,2020-03-24,0.84,0.0016719868210612887
229,2020-03-25,0.88,0.0017310081853605386
230,2020-03-26,0.83,0.0016570315452129059
231,2020-03-27,0.72,0.0014869243522637188
232,2020-03-30,0.7,0.001454833274950662
233,2020-03-31,0.7,0.001454833274950662
234,2020-04-01,0.62,0.0013225893282349244
235,2020-04-02,0.63,0.001339471674966397
236,2020-04-03,0.62,0.0013225893282349244
237,2020-04-06,0.67,0.0014059837064130942
238,2020-04-07,0.75,0.0015343698822831708
239,2020-04-08,0.77,0.0015655517234609562
240,2020-04-09,0.73,0.0015028306088800125
241,2020-04-10,,
242,2020-04-13,0.76,0.001550004974149033
243,2020-04-14,0.76,0.001550004974149033
244,2020-04-15,0.63,0.001339471674966397
245,2020-04-16,0.61,0.0013056027334641396
246,2020-04-17,0.65,0.0013729286950330266
247,2020-04-20,0.63,0.001339471674966397
248,2020-04-21,0.58,0.001254004365784267
249,2020-04-22,0.63,0.001339471674966397
250,2020-04-23,0.61,0.0013056027334641396
251,2020-04-24,0.6,0.001288510593391523
252,2020-04-27,0.67,0.0014059837064130942
253,2020-04-28,0.62,0.0013225893282349244
254,2020-04-29,0.63,0.001339471674966397
255,2020-04-30,0.64,0.0013562510471401001
256,2020-05-01,0.64,0.0013562510471401001
257,2020-05-04,0.64,0.0013562510471401001
258,2020-05-05,0.66,0.001389505846279393
259,2020-05-06,0.72,0.0014869243522637188
260,2020-05-07,0.63,0.001339471674966397
261,2020-05-08,0.69,0.0014386462681295065
262,2020-05-11,0.73,0.0015028306088800125
263,2020-05-12,0.69,0.0014386462681295065
264,2020-05-13,0.64,0.0013562510471401001
265,2020-05-14,0.63,0.001339471674966397
266,2020-05-15,0.64,0.0013562510471401001
267,2020-05-18,0.73,0.0015028306088800125
268,2020-05-19,0.7,0.001454833274950662
269,2020-05-20,0.68,0.0014223634593961698
270,2020-05-21,0.68,0.0014223634593961698
271,2020-05-22,0.66,0.001389505846279393
272,2020-05-25,,
273,2020-05-26,0.69,0.0014386462681295065
274,2020-05-27,0.68,0.0014223634593961698
275,2020-05-28,0.7,0.001454833274950662
276,2020-05-29,0.65,0.0013729286950330266
277,2020-06-01,0.66,0.001389505846279393
278,2020-06-02,0.68,0.0014223634593961698
279,2020-06-03,0.77,0.0015655517234609562
280,2020-06-04,0.82,0.001641994547364245
281,2020-06-05,0.91,0.0017744580854917036
282,2020-06-08,0.88,0.0017310081853605386
283,2020-06-09,0.84,0.0016719868210612887
284,2020-06-10,0.75,0.0015343698822831708
285,2020-06-11,0.66,0.001389505846279393
286,2020-06-12,0.71,0.0014709256021148143
287,2020-06-15,0.71,0.0014709256021148143
288,2020-06-16,0.75,0.0015343698822831708
289,2020-06-17,0.74,0.0015186454367277502
290,2020-06-18,0.71,0.0014709256021148143
291,2020-06-19,0.7,0.001454833274950662
292,2020-06-22,0.71,0.0014709256021148143
293,2020-06-23,0.72,0.0014869243522637188
294,2020-06-24,0.69,0.0014386462681295065
295,2020-06-25,0.68,0.0014223634593961698
296,2020-06-26,0.64,0.0013562510471401001
297,2020-06-29,0.64,0.0013562510471401001
298,2020-06-30,0.66,0.001389505846279393
299,2020-07-01,0.69,0.0014386462681295065
300,2020-07-02,0.68,0.0014223634593961698
301,2020-07-03,,
302,2020-07-06,0.69,0.0014386462681295065
303,2020-07-07,0.65,0.0013729286950330266
304,2020-07-08,0.67,0.0014059837064130942
305,2020-07-09,0.62,0.0013225893282349244
306,2020-07-10,0.65,0.0013729286950330266
307,2020-07-13,0.64,0.0013562510471401001
308,2020-07-14,0.63,0.001339471674966397
309,2020-07-15,0.64,0.0013562510471401001
310,2020-07-16,0.62,0.0013225893282349244
311,2020-07-17,0.64,0.0013562510471401001
312,2020-07-20,0.62,0.0013225893282349244
313,2020-07-21,0.61,0.0013056027334641396
314,2020-07-22,0.6,0.001288510593391523
315,2020-07-23,0.59,0.001271311586375834
316,2020-07-24,0.59,0.001271311586375834
317,2020-07-27,0.62,0.0013225893282349244
318,2020-07-28,0.59,0.001271311586375834
319,2020-07-29,0.58,0.001254004365784267
320,2020-07-30,0.55,0.0012014195678700101
321,2020-07-31,0.55,0.0012014195678700101
322,2020-08-03,0.56,0.0012190597685515225
323,2020-08-04,0.52,0.00114780983242313
324,2020-08-05,0.55,0.0012014195678700101
325,2020-08-06,0.55,0.0012014195678700101
326,2020-08-07,0.57,0.0012365875593567388
327,2020-08-10,0.59,0.001271311586375834
328,2020-08-11,0.64,0.0013562510471401001
329,2020-08-12,0.69,0.0014386462681295065
330,2020-08-13,0.71,0.0014709256021148143
331,2020-08-14,0.71,0.0014709256021148143
332,2020-08-17,0.69,0.0014386462681295065
333,2020-08-18,0.67,0.0014059837064130942
334,2020-08-19,0.68,0.0014223634593961698
335,2020-08-20,0.65,0.0013729286950330266
336,2020-08-21,0.64,0.0013562510471401001
337,2020-08-24,0.65,0.0013729286950330266
338,2020-08-25,0.69,0.0014386462681295065
339,2020-08-26,0.69,0.0014386462681295065
340,2020-08-27,0.74,0.0015186454367277502
341,2020-08-28,0.74,0.0015186454367277502
342,2020-08-31,0.72,0.0014869243522637188
343,2020-09-01,0.68,0.0014223634593961698
344,2020-09-02,0.66,0.001389505846279393
345,2020-09-03,0.63,0.001339471674966397
346,2020-09-04,0.72,0.0014869243522637188
347,2020-09-07,,
348,2020-09-08,0.69,0.0014386462681295065
349,2020-09-09,0.71,0.0014709256021148143
350,2020-09-10,0.68,0.0014223634593961698
351,2020-09-11,0.67,0.0014059837064130942
352,2020-09-14,0.68,0.0014223634593961698
353,2020-09-15,0.68,0.0014223634593961698
354,2020-09-16,0.69,0.0014386462681295065
355,2020-09-17,0.69,0.0014386462681295065
356,2020-09-18,0.7,0.001454833274950662
357,2020-09-21,0.68,0.0014223634593961698
358,2020-09-22,0.68,0.0014223634593961698
359,2020-09-23,0.68,0.0014223634593961698
360,2020-09-24,0.67,0.0014059837064130942
361,2020-09-25,0.66,0.001389505846279393
362,2020-09-28,0.67,0.0014059837064130942
363,2020-09-29,0.66,0.001389505846279393
364,2020-09-30,0.69,0.0014386462681295065
365,2020-10-01,0.68,0.0014223634593961698
366,2020-10-02,0.7,0.001454833274950662
367,2020-10-05,0.78,0.0015810111242797742
368,2020-10-06,0.76,0.001550004974149033
369,2020-10-07,0.81,0.0016268749282306594
370,2020-10-08,0.78,0.0015810111242797742
371,2020-10-09,0.79,0.0015963841539750057
372,2020-10-12,,
373,2020-10-13,0.74,0.0015186454367277502
374,2020-10-14,0.73,0.0015028306088800125
375,2020-10-15,0.74,0.0015186454367277502
376,2020-10-16,0.76,0.001550004974149033
377,2020-10-19,0.78,0.0015810111242797742
378,2020-10-20,0.81,0.0016268749282306594
379,2020-10-21,0.83,0.0016570315452129059
380,2020-10-22,0.87,0.001716371092186586
381,2020-10-23,0.85,0.0016868612595841714
382,2020-10-26,0.81,0.0016268749282306594
383,2020-10-27,0.79,0.0015963841539750057
384,2020-10-28,0.79,0.0015963841539750057
385,2020-10-29,0.85,0.0016868612595841714
386,2020-10-30,0.88,0.0017310081853605386
387,2020-11-02,0.87,0.001716371092186586
388,2020-11-03,0.9,0.0017600508722483976
389,2020-11-04,0.78,0.0015810111242797742
390,2020-11-05,0.79,0.0015963841539750057
391,2020-11-06,0.83,0.0016570315452129059
392,2020-11-09,0.96,0.001845384117718174
393,2020-11-10,0.98,0.0018732505504404084
394,2020-11-11,,
395,2020-11-12,0.88,0.0017310081853605386
396,2020-11-13,0.89,0.0017455678399860286
397,2020-11-16,0.91,0.0017744580854917036
398,2020-11-17,0.87,0.001716371092186586
399,2020-11-18,0.88,0.0017310081853605386
400,2020-11-19,0.86,0.0017016557311619884
401,2020-11-20,0.83,0.0016570315452129059
402,2020-11-23,0.86,0.0017016557311619884
403,2020-11-24,0.88,0.0017310081853605386
404,2020-11-25,0.88,0.0017310081853605386
405,2020-11-26,,
406,2020-11-27,0.84,0.0016719868210612887
407,2020-11-30,0.84,0.0016719868210612887
408,2020-12-01,0.92,0.0017887902704853964
409,2020-12-02,0.95,0.0018313443804993668
410,2020-12-03,0.92,0.0017887902704853964
411,2020-12-04,0.97,0.0018593526008379158
412,2020-12-07,0.94,0.001817232657495449
413,2020-12-08,0.92,0.0017887902704853964
414,2020-12-09,0.95,0.0018313443804993668
415,2020-12-10,0.92,0.0017887902704853964
416,2020-12-11,0.9,0.0017600508722483976
417,2020-12-14,0.9,0.0017600508722483976
418,2020-12-15,0.92,0.0017887902704853964
419,2020-12-16,0.92,0.0017887902704853964
420,2020-12-17,0.94,0.001817232657495449
421,2020-12-18,0.95,0.0018313443804993668
422,2020-12-21,0.95,0.0018313443804993668
423,2020-12-22,0.93,0.0018030482056869968
424,2020-12-23,0.96,0.001845384117718174
425,2020-12-24,0.94,0.001817232657495449
426,2020-12-25,,
427,2020-12-28,0.94,0.001817232657495449
428,2020-12-29,0.94,0.001817232657495449
429,2020-12-30,0.93,0.0018030482056869968
430,2020-12-31,0.93,0.0018030482056869968
431,2021-01-01,,
432,2021-01-04,0.93,0.0018030482056869968
433,2021-01-05,0.96,0.001845384117718174
434,2021-01-06,1.04,0.0019551960528259027
435,2021-01-07,1.08,0.0020085017228652635
436,2021-01-08,1.13,0.00207371424520586
437,2021-01-11,1.15,0.0020993727738805035
438,2021-01-12,1.15,0.0020993727738805035
439,2021-01-13,1.1,0.002034772399502005
440,2021-01-14,1.15,0.0020993727738805035
441,2021-01-15,1.11,0.00204781431767298
442,2021-01-18,,
443,2021-01-19,1.1,0.002034772399502005
444,2021-01-20,1.1,0.002034772399502005
445,2021-01-21,1.12,0.0020607947402422333
446,2021-01-22,1.1,0.002034772399502005
447,2021-01-25,1.05,0.0019686195569201814
448,2021-01-26,1.05,0.0019686195569201814
449,2021-01-27,1.04,0.0019551960528259027
450,2021-01-28,1.07,0.0019952717664226682
451,2021-01-29,1.11,0.00204781431767298
452,2021-02-01,1.09,0.0020216683994638274
453,2021-02-02,1.12,0.0020607947402422333
454,2021-02-03,1.15,0.0020993727738805035
455,2021-02-04,1.15,0.0020993727738805035
456,2021-02-05,1.19,0.002149983369405639
457,2021-02-08,1.19,0.002149983369405639
458,2021-02-09,1.18,0.0021374176761705943
459,2021-02-10,1.15,0.0020993727738805035
460,2021-02-11,1.16,0.002112112913613462
461,2021-02-12,1.2,0.0021624919720331093
462,2021-02-15,,
463,2021-02-16,1.3,0.0022845484156153173
464,2021-02-17,1.29,0.0022725833915706595
465,2021-02-18,1.29,0.0022725833915706595
466,2021-02-19,1.34,0.0023318952768360823
467,2021-02-22,1.37,0.002366878714309184
468,2021-02-23,1.37,0.002366878714309184
469,2021-02-24,1.38,0.0023784417901981936
470,2021-02-25,1.54,0.002557138109255952
471,2021-02-26,1.44,0.002446818831841391
472,2021-03-01,1.45,0.0024580517515007116
473,2021-03-02,1.42,0.0024242145999113784
474,2021-03-03,1.47,0.0024803810696476525
475,2021-03-04,1.54,0.002557138109255952
476,2021-03-05,1.56,0.0025786814463322205
477,2021-03-08,1.59,0.0026106837665316185
478,2021-03-09,1.55,0.0025679308409012336
479,2021-03-10,1.53,0.0025463029194952025
480,2021-03-11,1.54,0.002557138109255952
481,2021-03-12,1.64,0.0026632083215918367
482,2021-03-15,1.62,0.0026423185336794663
483,2021-03-16,1.62,0.0026423185336794663
484,2021-03-17,1.63,0.0026527832304930055
485,2021-03-18,1.71,0.0027350997019228718
486,2021-03-19,1.74,0.00276534508135029
487,2021-03-22,1.69,0.0027147500416526693
488,2021-03-23,1.63,0.0026527832304930055
489,2021-03-24,1.62,0.0026423185336794663
490,2021-03-25,1.63,0.0026527832304930055
491,2021-03-26,1.67,0.0026942489344554676
492,2021-03-29,1.73,0.002755300139428263
493,2021-03-30,1.73,0.002755300139428263
494,2021-03-31,1.74,0.00276534508135029
495,2021-04-01,1.69,0.0027147500416526693
496,2021-04-02,1.72,0.002745218436428498
497,2021-04-05,1.73,0.002755300139428263
498,2021-04-06,1.67,0.0026942489344554676
499,2021-04-07,1.68,0.002704518559870639
500,2021-04-08,1.64,0.0026632083215918367
501,2021-04-09,1.67,0.0026942489344554676
502,2021-04-12,1.69,0.0027147500416526693
503,2021-04-13,1.64,0.0026632083215918367
504,2021-04-14,1.64,0.0026632083215918367
505,2021-04-15,1.56,0.0025786814463322205
506,2021-04-16,1.59,0.0026106837665316185
507,2021-04-19,1.61,0.002631813928654969
508,2021-04-20,1.58,0.0026000575868225795
509,2021-04-21,1.57,0.002589390253571189
510,2021-04-22,1.57,0.002589390253571189
511,2021-04-23,1.58,0.0026000575868225795
512,2021-04-26,1.58,0.0026000575868225795
513,2021-04-27,1.63,0.0026527832304930055
514,2021-04-28,1.63,0.0026527832304930055
515,2021-04-29,1.65,0.00267359410604473
516,2021-04-30,1.65,0.00267359410604473
517,2021-05-03,1.63,0.0026527832304930055
518,2021-05-04,1.61,0.002631813928654969
519,2021-05-05,1.59,0.0026106837665316185
520,2021-05-06,1.58,0.0026000575868225795
521,2021-05-07,1.6,0.0026212691094427143
522,2021-05-10,1.63,0.0026527832304930055
523,2021-05-11,1.64,0.0026632083215918367
524,2021-05-12,1.69,0.0027147500416526693
525,2021-05-13,1.66,0.0026839408795438224
526,2021-05-14,1.63,0.0026527832304930055
527,2021-05-17,1.64,0.0026632083215918367
528,2021-05-18,1.64,0.0026632083215918367
529,2021-05-19,1.68,0.002704518559870639
530,2021-05-20,1.63,0.0026527832304930055
531,2021-05-21,1.63,0.0026527832304930055
532,2021-05-24,1.61,0.002631813928654969
533,2021-05-25,1.56,0.0025786814463322205
534,2021-05-26,1.58,0.0026000575868225795
535,2021-05-27,1.61,0.002631813928654969
536,2021-05-28,1.58,0.0026000575868225795
537,2021-05-31,,
538,2021-06-01,1.62,0.0026423185336794663
539,2021-06-02,1.59,0.0026106837665316185
540,2021-06-03,1.63,0.0026527832304930055
541,2021-06-04,1.56,0.0025786814463322205
542,2021-06-07,1.57,0.002589390253571189
543,2021-06-08,1.53,0.0025463029194952025
544,2021-06-09,1.5,0.002513539223037764
545,2021-06-10,1.45,0.0024580517515007116
546,2021-06-11,1.47,0.0024803810696476525
547,2021-06-14,1.51,0.0025245038182621915
548,2021-06-15,1.51,0.0025245038182621915
549,2021-06-16,1.57,0.002589390253571189
550,2021-06-17,1.52,0.0025354249357782965
551,2021-06-18,1.45,0.0024580517515007116
552,2021-06-21,1.5,0.002513539223037764
553,2021-06-22,1.48,0.0024914782031018046
554,2021-06-23,1.5,0.002513539223037764
555,2021-06-24,1.49,0.0025025308020636405
556,2021-06-25,1.54,0.002557138109255952
557,2021-06-28,1.49,0.0025025308020636405
558,2021-06-29,1.49,0.0025025308020636405
559,2021-06-30,1.45,0.0024580517515007116
560,2021-07-01,1.48,0.0024914782031018046
561,2021-07-02,1.44,0.002446818831841391
562,2021-07-05,,
563,2021-07-06,1.37,0.002366878714309184
564,2021-07-07,1.33,0.0023201346649801557
565,2021-07-08,1.3,0.0022845484156153173
566,2021-07-09,1.37,0.002366878714309184
567,2021-07-12,1.38,0.0023784417901981936
568,2021-07-13,1.42,0.0024242145999113784
569,2021-07-14,1.37,0.002366878714309184
570,2021-07-15,1.31,0.0022964616724079345
571,2021-07-16,1.31,0.0022964616724079345
572,2021-07-19,1.19,0.002149983369405639
573,2021-07-20,1.23,0.002199680372658719
574,2021-07-21,1.3,0.0022845484156153173
575,2021-07-22,1.27,0.0022484962258277896
576,2021-07-23,1.3,0.0022845484156153173
577,2021-07-26,1.29,0.0022725833915706595
578,2021-07-27,1.25,0.002224196483138874
579,2021-07-28,1.26,0.0022363731611727555
580,2021-07-29,1.28,0.002260566147789689
581,2021-07-30,1.24,0.0022119657147563476
582,2021-08-02,1.2,0.0021624919720331093
583,2021-08-03,1.19,0.002149983369405639
584,2021-08-04,1.19,0.002149983369405639
585,2021-08-05,1.23,0.002199680372658719
586,2021-08-06,1.31,0.0022964616724079345
587,2021-08-09,1.33,0.0023201346649801557
588,2021-08-10,1.36,0.0023552668800108645
589,2021-08-11,1.35,0.0023436058737871246
590,2021-08-12,1.36,0.0023552668800108645
591,2021-08-13,1.29,0.0022725833915706595
592,2021-08-16,1.26,0.0022363731611727555
593,2021-08-17,1.26,0.0022363731611727555
594,2021-08-18,1.27,0.0022484962258277896
595,2021-08-19,1.24,0.0022119657147563476
596,2021-08-20,1.26,0.0022363731611727555
597,2021-08-23,1.25,0.002224196483138874
598,2021-08-24,1.29,0.0022725833915706595
599,2021-08-25,1.35,0.0023436058737871246
600,2021-08-26,1.34,0.0023318952768360823
601,2021-08-27,1.31,0.0022964616724079345
602,2021-08-30,1.29,0.0022725833915706595
603,2021-08-31,1.3,0.0022845484156153173
604,2021-09-01,1.31,0.0022964616724079345
605,2021-09-02,1.29,0.0022725833915706595
606,2021-09-03,1.33,0.0023201346649801557
607,2021-09-06,,
608,2021-09-07,1.38,0.0023784417901981936
609,2021-09-08,1.35,0.0023436058737871246
610,2021-09-09,1.3,0.0022845484156153173
611,2021-09-10,1.35,0.0023436058737871246
612,2021-09-13,1.33,0.0023201346649801557
613,2021-09-14,1.28,0.002260566147789689
614,2021-09-15,1.31,0.0022964616724079345
615,2021-09-16,1.34,0.0023318952768360823
616,2021-09-17,1.37,0.002366878714309184
617,2021-09-20,1.31,0.0022964616724079345
618,2021-09-21,1.33,0.0023201346649801557
619,2021-09-22,1.32,0.0023083236085736925
620,2021-09-23,1.41,0.002412842525140624
621,2021-09-24,1.47,0.0024803810696476525
622,2021-09-27,1.48,0.0024914782031018046
623,2021-09-28,1.54,0.002557138109255952
624,2021-09-29,1.55,0.0025679308409012336
625,2021-09-30,1.52,0.0025354249357782965
626,2021-10-01,1.48,0.0024914782031018046
627,2021-10-04,1.49,0.0025025308020636405
628,2021-10-05,1.54,0.002557138109255952
629,2021-10-06,1.53,0.0025463029194952025
630,2021-10-07,1.58,0.0026000575868225795
631,2021-10-08,1.61,0.002631813928654969
632,2021-10-11,,
633,2021-10-12,1.59,0.0026106837665316185
634,2021-10-13,1.56,0.0025786814463322205
635,2021-10-14,1.52,0.0025354249357782965
636,2021-10-15,1.59,0.0026106837665316185
637,2021-10-18,1.59,0.0026106837665316185
638,2021-10-19,1.65,0.00267359410604473
639,2021-10-20,1.65,0.00267359410604473
640,2021-10-21,1.68,0.002704518559870639
641,2021-10-22,1.66,0.0026839408795438224
642,2021-10-25,1.64,0.0026632083215918367
643,2021-10-26,1.63,0.0026527832304930055
644,2021-10-27,1.54,0.002557138109255952
645,2021-10-28,1.57,0.002589390253571189
646,2021-10-29,1.55,0.0025679308409012336
647,2021-11-01,1.58,0.0026000575868225795
648,2021-11-02,1.56,0.0025786814463322205
649,2021-11-03,1.6,0.0026212691094427143
650,2021-11-04,1.53,0.0025463029194952025
651,2021-11-05,1.45,0.0024580517515007116
652,2021-11-08,1.51,0.0025245038182621915
653,2021-11-09,1.46,0.002469239040862048
654,2021-11-10,1.56,0.0025786814463322205
655,2021-11-11,,
656,2021-11-12,1.58,0.0026000575868225795
657,2021-11-15,1.63,0.0026527832304930055
658,2021-11-16,1.63,0.0026527832304930055
659,2021-11-17,1.6,0.0026212691094427143
660,2021-11-18,1.59,0.0026106837665316185
661,2021-11-19,1.54,0.002557138109255952
662,2021-11-22,1.63,0.0026527832304930055
663,2021-11-23,1.67,0.0026942489344554676
664,2021-11-24,1.64,0.0026632083215918367
665,2021-11-25,,
666,2021-11-26,1.48,0.0024914782031018046
667,2021-11-29,1.52,0.0025354249357782965
668,2021-11-30,1.43,0.0024355399076112505
669,2021-12-01,1.43,0.0024355399076112505
670,2021-12-02,1.44,0.002446818831841391
671,2021-12-03,1.35,0.0023436058737871246
672,2021-12-06,1.43,0.0024355399076112505
673,2021-12-07,1.48,0.0024914782031018046
674,2021-12-08,1.52,0.0025354249357782965
675,2021-12-09,1.49,0.0025025308020636405
676,2021-12-10,1.48,0.0024914782031018046
677,2021-12-13,1.42,0.0024242145999113784
678,2021-12-14,1.44,0.002446818831841391
679,2021-12-15,1.47,0.0024803810696476525
680,2021-12-16,1.44,0.002446818831841391
681,2021-12-17,1.41,0.002412842525140624
682,2021-12-20,1.43,0.0024355399076112505
683,2021-12-21,1.48,0.0024914782031018046
684,2021-12-22,1.46,0.002469239040862048
685,2021-12-23,1.5,0.002513539223037764
686,2021-12-24,,
687,2021-12-27,1.48,0.0024914782031018046
688,2021-12-28,1.49,0.0025025308020636405
689,2021-12-29,1.55,0.0025679308409012336
690,2021-12-30,1.52,0.0025354249357782965
691,2021-12-31,1.52,0.0025354249357782965
692,2022-01-03,1.63,0.0026527832304930055
693,2022-01-04,1.66,0.0026839408795438224
694,2022-01-05,1.71,0.0027350997019228718
695,2022-01-06,1.73,0.002755300139428263
696,2022-01-07,1.76,0.0027853257489540706
697,2022-01-10,1.78,0.0028051625443763495
698,2022-01-11,1.75,0.002775353529670399
699,2022-01-12,1.74,0.00276534508135029
700,2022-01-13,1.7,0.002724943662486101
701,2022-01-14,1.78,0.0028051625443763495
702,2022-01-17,,
703,2022-01-18,1.87,0.002892701920182761
704,2022-01-19,1.83,0.0028541385024254406
705,2022-01-20,1.83,0.0028541385024254406
706,2022-01-21,1.75,0.002775353529670399
707,2022-01-24,1.75,0.002775353529670399
708,2022-01-25,1.78,0.0028051625443763495
709,2022-01-26,1.85,0.0028734876816209898
710,2022-01-27,1.81,0.0028346524711613252
711,2022-01-28,1.78,0.0028051625443763495
712,2022-01-31,1.79,0.0028150276354710346
713,2022-02-01,1.81,0.0028346524711613252
714,2022-02-02,1.78,0.0028051625443763495
715,2022-02-03,1.82,0.0028444127143516518
716,2022-02-04,1.93,0.002949553516163883
717,2022-02-07,1.92,0.0029401593390576686
718,2022-02-08,1.96,0.002977545391578129
719,2022-02-09,1.94,0.0029589157733331817
720,2022-02-10,2.03,0.0030417746984781058
721,2022-02-11,1.92,0.0029401593390576686
722,2022-02-14,1.98,0.0029960498994483498
723,2022-02-15,2.05,0.003059854266473039
724,2022-02-16,2.03,0.0030417746984781058
725,2022-02-17,1.97,0.0029868131790531383
726,2022-02-18,1.92,0.0029401593390576686
727,2022-02-21,,
728,2022-02-22,1.94,0.0029589157733331817
729,2022-02-23,1.99,0.0030052557606343733
730,2022-02-24,1.96,0.002977545391578129
731,2022-02-25,1.97,0.0029868131790531383
732,2022-02-28,1.83,0.0028541385024254406
733,2022-03-01,1.72,0.002745218436428498
734,2022-03-02,1.86,0.002883111550583628
735,2022-03-03,1.86,0.002883111550583628
736,2022-03-04,1.74,0.00276534508135029
737,2022-03-07,1.78,0.0028051625443763495
738,2022-03-08,1.86,0.002883111550583628
739,2022-03-09,1.94,0.0029589157733331817
740,2022-03-10,1.98,0.0029960498994483498
741,2022-03-11,2.0,0.0030144309684023707
742,2022-03-14,2.14,0.0031397757888156352
743,2022-03-15,2.15,0.0031485145565079975
744,2022-03-16,2.19,0.003183195137831829
745,2022-03-17,2.2,0.0031917975201096738
746,2022-03-18,2.14,0.0031397757888156352
747,2022-03-21,2.32,0.0032929847485794195
748,2022-03-22,2.38,0.0033422185783951175
749,2022-03-23,2.32,0.0032929847485794195
750,2022-03-24,2.34,0.0033094939304507687
751,2022-03-25,2.48,0.0034223698124271618
752,2022-03-28,2.46,0.003406524923158516
753,2022-03-29,2.41,0.003366509600073897
754,2022-03-30,2.35,0.003317711587964345
755,2022-03-31,2.32,0.0032929847485794195
756,2022-04-01,2.39,0.0033503393935037096
757,2022-04-04,2.42,0.00337455927015462
758,2022-04-05,2.54,0.003469365260397428
759,2022-04-06,2.61,0.003523199523569831
760,2022-04-07,2.66,0.0035610189704413653
761,2022-04-08,2.72,0.003605727979724138
762,2022-04-11,2.79,0.0036569883848156515
763,2022-04-12,2.72,0.003605727979724138
764,2022-04-13,2.7,0.0035909053862575036
765,2022-04-14,2.83,0.0036858577809135706
766,2022-04-15,,
767,2022-04-18,2.85,0.0037001799168689953
768,2022-04-19,2.93,0.0037567359663950306
769,2022-04-20,2.85,0.0037001799168689953
770,2022-04-21,2.9,0.003735663146132495
771,2022-04-22,2.9,0.003735663146132495
772,2022-04-25,2.81,0.003671460865586784
773,2022-04-26,2.77,0.003642439540061382
774,2022-04-27,2.82,0.003678668719512057
775,2022-04-28,2.85,0.0037001799168689953
776,2022-04-29,2.89,0.0037286029341687676
777,2022-05-02,2.99,0.003798404574687053
778,2022-05-03,2.97,0.0037845848788513603
779,2022-05-04,2.93,0.0037567359663950306
780,2022-05-05,3.05,0.003839452931424958
781,2022-05-06,3.12,0.0038865830136336488
782,2022-05-09,3.05,0.003839452931424958
783,2022-05-10,2.99,0.003798404574687053
784,2022-05-11,2.91,0.0037427053276193334
785,2022-05-12,2.84,0.0036930281476630356
786,2022-05-13,2.93,0.0037567359663950306
787,2022-05-16,2.88,0.003721524599033854
788,2022-05-17,2.98,0.0037915033837090384
789,2022-05-18,2.89,0.0037286029341687676
790,2022-05-19,2.84,0.0036930281476630356
791,2022-05-20,2.78,0.0036497235583392573
792,2022-05-23,2.86,0.0037073131848850416
793,2022-05-24,2.76,0.0036351362281736854
794,2022-05-25,2.75,0.0036278135200547013
795,2022-05-26,2.75,0.0036278135200547013
796,2022-05-27,2.74,0.0036204713122616194
797,2022-05-30,,
798,2022-05-31,2.85,0.0037001799168689953
799,2022-06-01,2.94,0.0037637246055517437
800,2022-06-02,2.92,0.0037497295706130362
801,2022-06-03,2.96,0.003777648972900449
802,2022-06-06,3.04,0.0038326538284252365
803,2022-06-07,2.98,0.0037915033837090384
804,2022-06-08,3.03,0.003825837921313413
805,2022-06-09,3.04,0.0038326538284252365
806,2022-06-10,3.15,0.003906537646762187
807,2022-06-13,3.43,0.004086132647737717
808,2022-06-14,3.49,0.004123141792568452
809,2022-06-15,3.33,0.004023325470259742
810,2022-06-16,3.28,0.003991377317020373
811,2022-06-17,3.25,0.003972029278487943
812,2022-06-20,,
813,2022-06-21,3.31,0.004010590579959006
814,2022-06-22,3.16,0.003913157235849729
815,2022-06-23,3.09,0.0038664829485408614
816,2022-06-24,3.13,0.0038932506128595
817,2022-06-27,3.2,0.003939477848778461
818,2022-06-28,3.2,0.003939477848778461
819,2022-06-29,3.1,0.0038731992603808774
820,2022-06-30,2.98,0.0037915033837090384
821,2022-07-01,2.88,0.003721524599033854
822,2022-07-04,,
823,2022-07-05,2.82,0.003678668719512057
824,2022-07-06,2.93,0.0037567359663950306
825,2022-07-07,3.01,0.003812155360594094
826,2022-07-08,3.09,0.0038664829485408614
827,2022-07-11,2.99,0.003798404574687053
828,2022-07-12,2.96,0.003777648972900449
829,2022-07-13,2.91,0.0037427053276193334
830,2022-07-14,2.96,0.003777648972900449
831,2022-07-15,2.93,0.0037567359663950306
832,2022-07-18,2.96,0.003777648972900449
833,2022-07-19,3.01,0.003812155360594094
834,2022-07-20,3.04,0.0038326538284252365
835,2022-07-21,2.91,0.0037427053276193334
836,2022-07-22,2.77,0.003642439540061382
837,2022-07-25,2.81,0.003671460865586784
838,2022-07-26,2.81,0.003671460865586784
839,2022-07-27,2.78,0.0036497235583392573
840,2022-07-28,2.68,0.003576002673841394
841,2022-07-29,2.67,0.0035685210010723
842,2022-08-01,2.6,0.0035155729772606836
843,2022-08-02,2.75,0.0036278135200547013
844,2022-08-03,2.73,0.0036131095005220715
845,2022-08-04,2.68,0.003576002673841394
846,2022-08-05,2.83,0.0036858577809135706
847,2022-08-08,2.77,0.003642439540061382
848,2022-08-09,2.8,0.0036642341204951023
849,2022-08-10,2.78,0.0036497235583392573
850,2022-08-11,2.87,0.003714428047317808
851,2022-08-12,2.84,0.0036930281476630356
852,2022-08-15,2.79,0.0036569883848156515
853,2022-08-16,2.82,0.003678668719512057
854,2022-08-17,2.89,0.0037286029341687676
855,2022-08-18,2.88,0.003721524599033854
856,2022-08-19,2.98,0.0037915033837090384
857,2022-08-22,3.03,0.003825837921313413
858,2022-08-23,3.05,0.003839452931424958
859,2022-08-24,3.11,0.0038798992556803302
860,2022-08-25,3.03,0.003825837921313413
861,2022-08-26,3.04,0.0038326538284252365
862,2022-08-29,3.12,0.0038865830136336488
863,2022-08-30,3.11,0.0038798992556803302
864,2022-08-31,3.15,0.003906537646762187
865,2022-09-01,3.26,0.003978493716609854
866,2022-09-02,3.2,0.003939477848778461
867,2022-09-05,,
868,2022-09-06,3.33,0.004023325470259742
869,2022-09-07,3.27,0.003984943039247568
870,2022-09-08,3.29,0.003997796620053284
871,2022-09-09,3.33,0.004023325470259742
872,2022-09-12,3.37,0.004048620209295528
873,2022-09-13,3.42,0.00407991589391643
874,2022-09-14,3.41,0.00407368509772188
875,2022-09-15,3.45,0.004098524280790494
876,2022-09-16,3.45,0.004098524280790494
877,2022-09-19,3.49,0.004123141792568452
878,2022-09-20,3.57,0.004171727406076187
879,2022-09-21,3.51,0.004135368652941285
880,2022-09-22,3.7,0.0042488983653674595
881,2022-09-23,3.69,0.0042430381739781975
882,2022-09-26,3.88,0.004352307514501108
883,2022-09-27,3.97,0.004402594135024529
884,2022-09-28,3.72,0.0042605815372711575
885,2022-09-29,3.76,0.004283800499200963
886,2022-09-30,3.83,0.004323969351178736
887,2022-10-03,3.67,0.004231280315558861
888,2022-10-04,3.62,0.004201664550514073
889,2022-10-05,3.76,0.004283800499200963
890,2022-10-06,3.83,0.004323969351178736
891,2022-10-07,3.89,0.004357940388267201
892,2022-10-10,,
893,2022-10-11,3.93,0.004380357590037409
894,2022-10-12,3.91,0.004369171754780243
895,2022-10-13,3.97,0.004402594135024529
896,2022-10-14,4.0,0.004419154730330943
897,2022-10-17,4.02,0.004430140167471119
898,2022-10-18,4.01,0.004424652915641314
899,2022-10-19,4.14,0.004495149941361021
900,2022-10-20,4.24,0.004548178829538285
901,2022-10-21,4.21,0.004532376880989952
902,2022-10-24,4.25,0.004553426102775759
903,2022-10-25,4.1,0.0044736497378310425
904,2022-10-26,4.04,0.0044410820442588594
905,2022-10-27,3.96,0.0043970517759770456
906,2022-10-28,4.02,0.004430140167471119
907,2022-10-31,4.1,0.0044736497378310425
908,2022-11-01,4.07,0.004457413936395316
909,2022-11-02,4.1,0.0044736497378310425
910,2022-11-03,4.14,0.004495149941361021
911,2022-11-04,4.17,0.004511165874708123
912,2022-11-07,4.22,0.00453765425696484
913,2022-11-08,4.14,0.004495149941361021
914,2022-11-09,4.12,0.004484420778417819
915,2022-11-10,3.82,0.004318266624356637
916,2022-11-11,,
917,2022-11-14,3.88,0.004352307514501108
918,2022-11-15,3.8,0.004306825688029647
919,2022-11-16,3.67,0.004231280315558861
920,2022-11-17,3.77,0.004289574835794729
921,2022-11-18,3.82,0.004318266624356637
922,2022-11-21,3.83,0.004323969351178736
923,2022-11-22,3.76,0.004283800499200963
924,2022-11-23,3.71,0.00425474613559329
925,2022-11-24,,
926,2022-11-25,3.68,0.004237165508472529
927,2022-11-28,3.69,0.0042430381739781975
928,2022-11-29,3.75,0.004278014052188084
929,2022-11-30,3.68,0.004237165508472529
930,2022-12-01,3.53,0.004147541559880397
931,2022-12-02,3.51,0.004135368652941285
932,2022-12-05,3.6,0.0041897286485541585
933,2022-12-06,3.51,0.004135368652941285
934,2022-12-07,3.42,0.00407991589391643
935,2022-12-08,3.48,0.004117007979762555
936,2022-12-09,3.57,0.004171727406076187
937,2022-12-12,3.61,0.004195703054637123
938,2022-12-13,3.51,0.004135368652941285
939,2022-12-14,3.49,0.004123141792568452
940,2022-12-15,3.44,0.004092335422425153
941,2022-12-16,3.48,0.004117007979762555
942,2022-12-19,3.57,0.004171727406076187
943,2022-12-20,3.69,0.0042430381739781975
944,2022-12-21,3.68,0.004237165508472529
945,2022-12-22,3.67,0.004231280315558861
946,2022-12-23,3.75,0.004278014052188084
947,2022-12-26,,
948,2022-12-27,3.84,0.004329660315595563
949,2022-12-28,3.88,0.004352307514501108
950,2022-12-29,3.83,0.004323969351178736
951,2022-12-30,3.88,0.004352307514501108
952,2023-01-02,,
953,2023-01-03,3.79,0.0043010873800288785
954,2023-01-04,3.69,0.0042430381739781975
955,2023-01-05,3.71,0.00425474613559329
956,2023-01-06,3.55,0.004159660988100722
957,2023-01-09,3.53,0.004147541559880397
958,2023-01-10,3.61,0.004195703054637123
959,2023-01-11,3.54,0.004153607929405778
960,2023-01-12,3.43,0.004086132647737717
961,2023-01-13,3.49,0.004123141792568452
962,2023-01-16,,
963,2023-01-17,3.53,0.004147541559880397
964,2023-01-18,3.37,0.004048620209295528
965,2023-01-19,3.39,0.004061181123103275
966,2023-01-20,3.48,0.004117007979762555
967,2023-01-23,3.52,0.004141461820772685
968,2023-01-24,3.46,0.004104699285223834
969,2023-01-25,3.46,0.004104699285223834
970,2023-01-26,3.49,0.004123141792568452
971,2023-01-27,3.52,0.004141461820772685
972,2023-01-30,3.55,0.004159660988100722
973,2023-01-31,3.52,0.004141461820772685
974,2023-02-01,3.39,0.004061181123103275
975,2023-02-02,3.4,0.004067440195485217
976,2023-02-03,3.53,0.004147541559880397
977,2023-02-06,3.63,0.004207613191936188
978,2023-02-07,3.67,0.004231280315558861
979,2023-02-08,3.63,0.004207613191936188
980,2023-02-09,3.67,0.004231280315558861
981,2023-02-10,3.74,0.004272215443781535
982,2023-02-13,3.72,0.0042605815372711575
983,2023-02-14,3.77,0.004289574835794729
984,2023-02-15,3.81,0.004312552086338517
985,2023-02-16,3.86,0.004341007150866716
986,2023-02-17,3.82,0.004318266624356637
987,2023-02-20,,
988,2023-02-21,3.95,0.00439149826221108
989,2023-02-22,3.93,0.004380357590037409
990,2023-02-23,3.88,0.004352307514501108
991,2023-02-24,3.95,0.00439149826221108
992,2023-02-27,3.92,0.004374770340699774
993,2023-02-28,3.92,0.004374770340699774
994,2023-03-01,4.01,0.004424652915641314
995,2023-03-02,4.08,0.004462836490954691
996,2023-03-03,3.97,0.004402594135024529
997,2023-03-06,3.98,0.004408125384135486
998,2023-03-07,3.97,0.004402594135024529
999,2023-03-08,3.98,0.004408125384135486
1000,2023-03-09,3.93,0.004380357590037409
1001,2023-03-10,3.7,0.0042488983653674595
1002,2023-03-13,3.55,0.004159660988100722
1003,2023-03-14,3.64,0.004213549034294939
1004,2023-03-15,3.51,0.004135368652941285
1005,2023-03-16,3.56,0.004165700794330318
1006,2023-03-17,3.39,0.004061181123103275
1007,2023-03-20,3.47,0.004110860497695823
1008,2023-03-21,3.59,0.0041837412761494
1009,2023-03-22,3.48,0.004117007979762555
1010,2023-03-23,3.38,0.00405490781603457
1011,2023-03-24,3.38,0.00405490781603457
1012,2023-03-27,3.53,0.004147541559880397
1013,2023-03-28,3.55,0.004159660988100722
1014,2023-03-29,3.57,0.004171727406076187
1015,2023-03-30,3.55,0.004159660988100722
1016,2023-03-31,3.48,0.004117007979762555
1017,2023-04-03,3.43,0.004086132647737717
1018,2023-04-04,3.35,0.004036001834636593
1019,2023-04-05,3.3,0.0040042010179826
1020,2023-04-06,3.3,0.0040042010179826
1021,2023-04-07,3.39,0.004061181123103275
1022,2023-04-10,3.41,0.00407368509772188
1023,2023-04-11,3.43,0.004086132647737717
1024,2023-04-12,3.41,0.00407368509772188
1025,2023-04-13,3.45,0.004098524280790494
1026,2023-04-14,3.52,0.004141461820772685
1027,2023-04-17,3.6,0.0041897286485541585
1028,2023-04-18,3.58,0.004177740880940695
1029,2023-04-19,3.6,0.0041897286485541585
1030,2023-04-20,3.54,0.004153607929405778
1031,2023-04-21,3.57,0.004171727406076187
1032,2023-04-24,3.52,0.004141461820772685
1033,2023-04-25,3.4,0.004067440195485217
1034,2023-04-26,3.43,0.004086132647737717
1035,2023-04-27,3.53,0.004147541559880397
1036,2023-04-28,3.44,0.004092335422425153
1037,2023-05-01,3.59,0.0041837412761494
1038,2023-05-02,3.44,0.004092335422425153
1039,2023-05-03,3.38,0.00405490781603457
1040,2023-05-04,3.37,0.004048620209295528
1041,2023-05-05,3.44,0.004092335422425153
1042,2023-05-08,3.52,0.004141461820772685
1043,2023-05-09,3.53,0.004147541559880397
1044,2023-05-10,3.43,0.004086132647737717
1045,2023-05-11,3.39,0.004061181123103275
1046,2023-05-12,3.46,0.004104699285223834
1047,2023-05-15,3.5,0.004129261996850486
1048,2023-05-16,3.54,0.004153607929405778
1049,2023-05-17,3.57,0.004171727406076187
1050,2023-05-18,3.65,0.004219472132623858
1051,2023-05-19,3.7,0.0042488983653674595
1052,2023-05-22,3.72,0.0042605815372711575
1053,2023-05-23,3.7,0.0042488983653674595
1054,2023-05-24,3.73,0.004266404622683684
1055,2023-05-25,3.83,0.004323969351178736
1056,2023-05-26,3.8,0.004306825688029647
1057,2023-05-29,,
1058,2023-05-30,3.69,0.0042430381739781975
1059,2023-05-31,3.64,0.004213549034294939
1060,2023-06-01,3.61,0.004195703054637123
1061,2023-06-02,3.69,0.0042430381739781975
1062,2023-06-05,3.69,0.0042430381739781975
1063,2023-06-06,3.7,0.0042488983653674595
1064,2023-06-07,3.79,0.0043010873800288785
1065,2023-06-08,3.73,0.004266404622683684
1066,2023-06-09,3.75,0.004278014052188084
1067,2023-06-12,3.73,0.004266404622683684
1068,2023-06-13,3.84,0.004329660315595563
1069,2023-06-14,3.83,0.004323969351178736
1070,2023-06-15,3.72,0.0042605815372711575
1071,2023-06-16,3.77,0.004289574835794729
1072,2023-06-19,,
1073,2023-06-20,3.74,0.004272215443781535
1074,2023-06-21,3.72,0.0042605815372711575
1075,2023-06-22,3.8,0.004306825688029647
1076,2023-06-23,3.74,0.004272215443781535
1077,2023-06-26,3.72,0.0042605815372711575
1078,2023-06-27,3.77,0.004289574835794729
1079,2023-06-28,3.71,0.00425474613559329
1080,2023-06-29,3.85,0.00433533956609522
1081,2023-06-30,3.81,0.004312552086338517
1082,2023-07-03,3.86,0.004341007150866716
1083,2023-07-04,,
1084,2023-07-05,3.95,0.00439149826221108
1085,2023-07-06,4.05,0.004446536755356334
1086,2023-07-07,4.06,0.004451980705256986
1087,2023-07-10,4.01,0.004424652915641314
1088,2023-07-11,3.99,0.004413645567822533
1089,2023-07-12,3.86,0.004341007150866716
1090,2023-07-13,3.76,0.004283800499200963
1091,2023-07-14,3.83,0.004323969351178736
1092,2023-07-17,3.81,0.004312552086338517
1093,2023-07-18,3.8,0.004306825688029647
1094,2023-07-19,3.75,0.004278014052188084
1095,2023-07-20,3.85,0.00433533956609522
1096,2023-07-21,3.84,0.004329660315595563
1097,2023-07-24,3.86,0.004341007150866716
1098,2023-07-25,3.91,0.004369171754780243
1099,2023-07-26,3.86,0.004341007150866716
1100,2023-07-27,4.01,0.004424652915641314
1101,2023-07-28,3.96,0.0043970517759770456
1102,2023-07-31,3.97,0.004402594135024529
1103,2023-08-01,4.05,0.004446536755356334
1104,2023-08-02,4.08,0.004462836490954691
1105,2023-08-03,4.2,0.004527089393762784
1106,2023-08-04,4.05,0.004446536755356334
1107,2023-08-07,4.09,0.004468248410870457
1108,2023-08-08,4.02,0.004430140167471119
1109,2023-08-09,4.0,0.004419154730330943
1110,2023-08-10,4.09,0.004468248410870457
1111,2023-08-11,4.16,0.004505837551481484
1112,2023-08-14,4.19,0.004521791756409987
1113,2023-08-15,4.21,0.004532376880989952
1114,2023-08-16,4.28,0.0045691083255468
1115,2023-08-17,4.3,0.004579513851689976
1116,2023-08-18,4.26,0.004558663418041897
1117,2023-08-21,4.34,0.004600207941576784
1118,2023-08-22,4.34,0.004600207941576784
1119,2023-08-23,4.19,0.004521791756409987
1120,2023-08-24,4.23,0.004542921560337865
1121,2023-08-25,4.25,0.004553426102775759
1122,2023-08-28,4.2,0.004527089393762784
1123,2023-08-29,4.12,0.004484420778417819
1124,2023-08-30,4.12,0.004484420778417819
1125,2023-08-31,4.09,0.004468248410870457
1126,2023-09-01,4.18,0.0045164839298332815
1127,2023-09-04,,
1128,2023-09-05,4.27,0.004563890813112037
1129,2023-09-06,4.3,0.004579513851689976
1130,2023-09-07,4.27,0.004563890813112037
1131,2023-09-08,4.26,0.004558663418041897
1132,2023-09-11,4.29,0.004574315992694089
1133,2023-09-12,4.27,0.004563890813112037
1134,2023-09-13,4.25,0.004553426102775759
1135,2023-09-14,4.29,0.004574315992694089
1136,2023-09-15,4.33,0.004595048947995561
1137,2023-09-18,4.32,0.004589880292726001
1138,2023-09-19,4.37,0.004615627312208659
1139,2023-09-20,4.35,0.004605357309572122
1140,2023-09-21,4.49,0.004676457520820909
1141,2023-09-22,4.44,0.004651274328299593
1142,2023-09-25,4.55,0.004706377154806818
1143,2023-09-26,4.56,0.004711332380266331
1144,2023-09-27,4.61,0.004735975942762538
1145,2023-09-28,4.59,0.004726144904324547
1146,2023-09-29,4.59,0.004726144904324547
1147,2023-10-02,4.69,0.004774953651643932
1148,2023-10-03,4.81,0.0048324072874836865
1149,2023-10-04,4.73,0.004794238035299214
1150,2023-10-05,4.72,0.004789429554881597
1151,2023-10-06,4.78,0.004818155593999007
1152,2023-10-09,,
1153,2023-10-10,4.66,0.004760401433661743
1154,2023-10-11,4.58,0.004721216223297908
1155,2023-10-12,4.7,0.004779787392506174
1156,2023-10-13,4.63,0.0047457720909065415
1157,2023-10-16,4.71,0.004784612683742084
1158,2023-10-17,4.83,0.004841867703868852
1159,2023-10-18,4.91,0.00487938845930147
1160,2023-10-19,4.98,0.004911805941248959
1161,2023-10-20,4.93,0.004888689505161858
1162,2023-10-23,4.86,0.00485599781585333
1163,2023-10-24,4.83,0.004841867703868852
1164,2023-10-25,4.95,0.004897959319965173
1165,2023-10-26,4.86,0.00485599781585333
1166,2023-10-27,4.84,0.004846585781941304
1167,2023-10-30,4.88,0.004865377869153642
1168,2023-10-31,4.88,0.004865377869153642
1169,2023-11-01,4.77,0.004813388631901283
1170,2023-11-02,4.67,0.004765260702142671
1171,2023-11-03,4.57,0.0047162787258256955
1172,2023-11-06,4.67,0.004765260702142671
1173,2023-11-07,4.58,0.004721216223297908
1174,2023-11-08,4.49,0.004676457520820909
1175,2023-11-09,4.62,0.004740878362615053
1176,2023-11-10,4.61,0.004735975942762538
1177,2023-11-13,4.63,0.0047457720909065415
1178,2023-11-14,4.44,0.004651274328299593
1179,2023-11-15,4.53,0.004696439936076713
1180,2023-11-16,4.45,0.004656329382373148
1181,2023-11-17,4.44,0.004651274328299593
1182,2023-11-20,4.42,0.004641136359722076
1183,2023-11-21,4.41,0.004636053376732674
1184,2023-11-22,4.42,0.004641136359722076
1185,2023-11-23,,
1186,2023-11-24,4.47,0.0046664117998946875
1187,2023-11-27,4.39,0.004625859240713348
1188,2023-11-28,4.34,0.004600207941576784
1189,2023-11-29,4.27,0.004563890813112037
1190,2023-11-30,4.37,0.004615627312208659
1191,2023-12-01,4.22,0.00453765425696484
1192,2023-12-04,4.28,0.0045691083255468
1193,2023-12-05,4.18,0.0045164839298332815
1194,2023-12-06,4.12,0.004484420778417819
1195,2023-12-07,4.14,0.004495149941361021
1196,2023-12-08,4.23,0.004542921560337865
1197,2023-12-11,4.23,0.004542921560337865
1198,2023-12-12,4.2,0.004527089393762784
1199,2023-12-13,4.04,0.0044410820442588594
1200,2023-12-14,3.92,0.004374770340699774
1201,2023-12-15,3.91,0.004369171754780243
1202,2023-12-18,3.95,0.00439149826221108
1203,2023-12-19,3.93,0.004380357590037409
1204,2023-12-20,3.86,0.004341007150866716
1205,2023-12-21,3.89,0.004357940388267201
1206,2023-12-22,3.9,0.004363561786117298
1207,2023-12-25,,
1208,2023-12-26,3.89,0.004357940388267201
1209,2023-12-27,3.79,0.0043010873800288785
1210,2023-12-28,3.84,0.004329660315595563
1211,2023-12-29,3.88,0.004352307514501108
1212,2024-01-01,,
1213,2024-01-02,3.95,0.00439149826221108
1214,2024-01-03,3.91,0.004369171754780243
1215,2024-01-04,3.99,0.004413645567822533
1216,2024-01-05,4.05,0.004446536755356334
1217,2024-01-08,4.01,0.004424652915641314
1218,2024-01-09,4.02,0.004430140167471119
1219,2024-01-10,4.04,0.0044410820442588594
1220,2024-01-11,3.98,0.004408125384135486
1221,2024-01-12,3.96,0.0043970517759770456
1222,2024-01-15,,
1223,2024-01-16,4.07,0.004457413936395316
1224,2024-01-17,4.1,0.0044736497378310425
1225,2024-01-18,4.14,0.004495149941361021
1226,2024-01-19,4.15,0.0045004989203705215
1227,2024-01-22,4.11,0.004479040513279742
1228,2024-01-23,4.14,0.004495149941361021
1229,2024-01-24,4.18,0.0045164839298332815
1230,2024-01-25,4.14,0.004495149941361021
1231,2024-01-26,4.15,0.0045004989203705215
1232,2024-01-29,4.08,0.004462836490954691
1233,2024-01-30,4.06,0.004451980705256986
1234,2024-01-31,3.99,0.004413645567822533
1235,2024-02-01,3.87,0.004346663117802851
1236,2024-02-02,4.03,0.004435616529277819
1237,2024-02-05,4.17,0.004511165874708123
1238,2024-02-06,4.09,0.004468248410870457
1239,2024-02-07,4.09,0.004468248410870457
1240,2024-02-08,4.15,0.0045004989203705215
1241,2024-02-09,4.17,0.004511165874708123
1242,2024-02-12,4.17,0.004511165874708123
1243,2024-02-13,4.31,0.004584701939461144
1244,2024-02-14,4.27,0.004563890813112037
1245,2024-02-15,4.24,0.004548178829538285
1246,2024-02-16,4.3,0.004579513851689976
1247,2024-02-19,,
1248,2024-02-20,4.27,0.004563890813112037
1249,2024-02-21,4.32,0.004589880292726001
1250,2024-02-22,4.33,0.004595048947995561
1251,2024-02-23,4.26,0.004558663418041897
1252,2024-02-26,4.28,0.0045691083255468
1253,2024-02-27,4.31,0.004584701939461144
1254,2024-02-28,4.27,0.004563890813112037
1255,2024-02-29,4.25,0.004553426102775759
1256,2024-03-01,4.19,0.004521791756409987
1257,2024-03-04,4.22,0.00453765425696484
1258,2024-03-05,4.13,0.004489790574204511
1259,2024-03-06,4.11,0.004479040513279742
1260,2024-03-07,4.09,0.004468248410870457
1261,2024-03-08,4.09,0.004468248410870457
1262,2024-03-11,4.1,0.0044736497378310425
1263,2024-03-12,4.16,0.004505837551481484
1264,2024-03-13,4.19,0.004521791756409987
1265,2024-03-14,4.29,0.004574315992694089
1266,2024-03-15,4.31,0.004584701939461144
1267,2024-03-18,4.34,0.004600207941576784
1268,2024-03-19,4.3,0.004579513851689976
1269,2024-03-20,4.27,0.004563890813112037
1270,2024-03-21,4.27,0.004563890813112037
1271,2024-03-22,4.22,0.00453765425696484
1272,2024-03-25,4.25,0.004553426102775759
1273,2024-03-26,4.24,0.004548178829538285
1274,2024-03-27,4.2,0.004527089393762784
1275,2024-03-28,4.2,0.004527089393762784
1276,2024-03-29,,
1277,2024-04-01,4.33,0.004595048947995561
1278,2024-04-02,4.36,0.004610497087882859
1279,2024-04-03,4.36,0.004610497087882859
1280,2024-04-04,4.31,0.004584701939461144
1281,2024-04-05,4.39,0.004625859240713348
1282,2024-04-08,4.42,0.004641136359722076
1283,2024-04-09,4.36,0.004610497087882859
1284,2024-04-10,4.55,0.004706377154806818
1285,2024-04-11,4.56,0.004711332380266331
1286,2024-04-12,4.5,0.004681466703462034
1287,2024-04-15,4.63,0.0047457720909065415
1288,2024-04-16,4.67,0.004765260702142671
1289,2024-04-17,4.59,0.004726144904324547
1290,2024-04-18,4.64,0.004750657158443472
1291,2024-04-19,4.62,0.004740878362615053
1292,2024-04-22,4.62,0.004740878362615053
1293,2024-04-23,4.61,0.004735975942762538
1294,2024-04-24,4.65,0.004755533595868444
1295,2024-04-25,4.7,0.004779787392506174
1296,2024-04-26,4.67,0.004765260702142671
1297,2024-04-29,4.63,0.0047457720909065415
1298,2024-04-30,4.69,0.004774953651643932
1299,2024-05-01,4.63,0.0047457720909065415
1300,2024-05-02,4.58,0.004721216223297908
1301,2024-05-03,4.5,0.004681466703462034
1302,2024-05-06,4.49,0.004676457520820909
1303,2024-05-07,4.47,0.0046664117998946875
1304,2024-05-08,4.48,0.004671439230706342
1305,2024-05-09,4.45,0.004656329382373148
